Unnamed: 0,Work Location,Region,Year,Number,Origin_Latitude,Origin_Longitude,Local Attendee,Conference Location,Destination_Latitude,Destination_Longitude,Travel Distance (round trip km),Travel CO2 (tonnes),Travel Cost (USD)
0,United Arab Emirates,Middle East,2018,1,24.0002488,53.999482900000004,0,"Vancouver, Canada",49.2608724,-123.1139529,23727.6130857098,3.7086668864469146,2894.7687964565953
1,Albania,Europe,2018,0,41.000028,19.9999619,0,"Vancouver, Canada",49.2608724,-123.1139529,18698.509148847923,2.88745148709481,2617.7912808387096
2,Argentina,Other Americas,2018,2,-34.9964963,-64.9672817,0,"Vancouver, Canada",49.2608724,-123.1139529,21964.76874579166,3.4157338855460977,2679.7017869865826
3,Austria,Europe,2018,3,47.2000338,13.199959,0,"Vancouver, Canada",49.2608724,-123.1139529,16988.65530247365,2.6183982059767508,2378.4117423463113
4,Australia,Oceania,2018,8,-24.7761086,134.755,0,"Vancouver, Canada",49.2608724,-123.1139529,25849.459264721234,4.0685185356346185,3153.6340302959907
5,Bosnia and Herzegovina,Europe,2018,0,44.305347600000005,17.596146700000002,0,"Vancouver, Canada",49.2608724,-123.1139529,17867.18567631386,2.7559954144886176,2501.4059946839407
6,Bangladesh,Asia,2018,0,24.4768783,90.2932426,0,"Vancouver, Canada",49.2608724,-123.1139529,22345.846976677713,3.4785939255409692,2726.193331154681
7,Belgium,Europe,2018,2,50.6402809,4.666714499999999,0,"Vancouver, Canada",49.2608724,-123.1139529,15699.280964780564,2.4189168118875353,2197.899335069279
8,Burkina Faso,Africa,2018,0,12.075308300000001,-1.6880313999999998,0,"Vancouver, Canada",49.2608724,-123.1139529,22246.620390685286,3.4622015481107256,2714.087687663605
9,Bulgaria,Europe,2018,0,42.6073975,25.4856617,0,"Vancouver, Canada",49.2608724,-123.1139529,18701.027247356742,2.8878515208040367,2618.1438146299442
10,Burundi,Africa,2018,0,-3.3634357,29.8870575,0,"Vancouver, Canada",49.2608724,-123.1139529,28616.702919461055,4.549746860247889,3491.2377561742487
11,Brazil,Other Americas,2018,4,-10.333333300000001,-53.2,0,"Vancouver, Canada",49.2608724,-123.1139529,18936.064390084455,2.9252395206112203,2651.049014611824
12,Canada,Other Americas,2018,320,61.0666922,-107.9917071,0,"Vancouver, Canada",49.2608724,-123.1139529,3236.5600404919137,0.6005847509732044,828.5593703659299
13,Switzerland,Europe,2018,34,46.7985624,8.231973599999998,0,"Vancouver, Canada",49.2608724,-123.1139529,16700.770976799606,2.573605063057853,2338.107936751945
14,Chile,Other Americas,2018,0,-31.7613365,-71.3187697,0,"Vancouver, Canada",49.2608724,-123.1139529,20724.592521514645,3.212934636761796,2528.400287624787
15,Cameroon,Africa,2018,0,4.6125522000000005,13.153581099999998,0,"Vancouver, Canada",49.2608724,-123.1139529,25385.543010674726,3.9891635533907475,3097.0362473023165
16,China,Asia,2018,71,35.000074,104.999927,0,"Vancouver, Canada",49.2608724,-123.1139529,19024.416182450022,2.939319057610253,2320.978774258903
17,Colombia,Other Americas,2018,0,2.8894433999999998,-73.78389200000001,0,"Vancouver, Canada",49.2608724,-123.1139529,13881.923418611908,2.1427252137816937,1943.4692786056673
18,Czech Republic,Europe,2018,3,49.816700299999994,15.4749544,0,"Vancouver, Canada",49.2608724,-123.1139529,16623.398758364954,2.5615912934695135,2327.2758261710937
19,Germany,Europe,2018,48,51.0834196,10.4234469,0,"Vancouver, Canada",49.2608724,-123.1139529,16037.33029472954,2.4709336506401716,2245.2262412621358
20,Denmark,Europe,2018,4,55.670249,10.333328300000002,0,"Vancouver, Canada",49.2608724,-123.1139529,15150.050542475217,2.334834199491285,2121.0070759465307
21,Estonia,Europe,2018,0,58.75237779999999,25.3319078,0,"Vancouver, Canada",49.2608724,-123.1139529,15332.322378666604,2.3626795656959008,2146.5251330133246
22,Egypt,Africa,2018,0,26.254049300000002,29.2675469,0,"Vancouver, Canada",49.2608724,-123.1139529,22365.7707804392,3.4818874589121127,2728.6240352135824
23,Spain,Europe,2018,17,39.3262345,-4.838064900000001,0,"Vancouver, Canada",49.2608724,-123.1139529,16913.40839063922,2.606676121214661,2367.877174689491
24,Ethiopia,Europe,2018,0,10.211670199999999,38.6521203,0,"Vancouver, Canada",49.2608724,-123.1139529,26332.100392312914,4.15147904418529,3212.5162478621755
25,Finland,Europe,2018,8,63.2467777,25.9209164,0,"Vancouver, Canada",49.2608724,-123.1139529,14426.424911250722,2.2248647330512443,2019.6994875751013
26,France,Europe,2018,41,46.603353999999996,1.8883334999999999,0,"Vancouver, Canada",49.2608724,-123.1139529,16221.376909847228,2.4993382200825387,2270.992767378612
27,United Kingdom,Europe,2018,169,54.702354500000006,-3.2765752999999997,0,"Vancouver, Canada",49.2608724,-123.1139529,14340.434399536749,2.2118580906873615,2007.6608159351451
28,Ghana,Africa,2018,0,8.0300284,-1.0800271000000001,0,"Vancouver, Canada",49.2608724,-123.1139529,23062.98882294475,3.597582681146047,2813.6846363992595
29,Greece,Europe,2018,0,38.995368299999996,21.987713199999998,0,"Vancouver, Canada",49.2608724,-123.1139529,19240.140831888402,2.9737542387736102,2347.297181490385
30,Guatemala,Other Americas,2018,0,15.635608800000002,-89.8988087,0,"Vancouver, Canada",49.2608724,-123.1139529,9588.07782918452,1.5132930347650109,1342.3308960858328
31,Croatia,Europe,2018,0,45.5643442,17.0118954,0,"Vancouver, Canada",49.2608724,-123.1139529,17574.562553706175,2.710013114341155,2460.438757518865
32,Hungary,Europe,2018,0,47.1817585,19.5060937,0,"Vancouver, Canada",49.2608724,-123.1139529,17406.414483832526,2.6836588820517786,2436.898027736554
33,Indonesia,Asia,2018,0,-2.4833826,117.89028529999999,0,"Vancouver, Canada",49.2608724,-123.1139529,24556.136800644836,3.848235055783183,2995.84868967867
34,Ireland,Europe,2018,0,52.865196,-7.9794599,0,"Vancouver, Canada",49.2608724,-123.1139529,14256.620917715516,2.1991932791354394,1995.9269284801724
35,Israel,Middle East,2018,31,31.531311300000002,34.8667654,0,"Vancouver, Canada",49.2608724,-123.1139529,21540.676209950157,3.3460793860057265,2627.9624976139194
36,India,Asia,2018,16,22.3511148,78.6677428,0,"Vancouver, Canada",49.2608724,-123.1139529,23529.898423162096,3.675539839846801,2870.647607625776
37,Iraq,Middle East,2018,0,33.0955793,44.174977500000004,0,"Vancouver, Canada",49.2608724,-123.1139529,21542.85004188476,3.3464356158895474,2628.227705109941
38,Iran,Middle East,2018,1,32.6475314,54.56435160000001,0,"Vancouver, Canada",49.2608724,-123.1139529,21808.801295715526,3.390080375984654,2660.673758077294
39,Iceland,Europe,2018,0,64.9841821,-18.1059013,0,"Vancouver, Canada",49.2608724,-123.1139529,11572.606716683693,1.8001656696151942,1620.1649403357171
40,Italy,Europe,2018,6,42.6384261,12.674297,0,"Vancouver, Canada",49.2608724,-123.1139529,17849.76975764874,2.7532544832849144,2498.967766070824
41,Japan,Asia,2018,64,36.5748441,139.2394179,0,"Vancouver, Canada",49.2608724,-123.1139529,15024.24628320726,2.3156494424086747,2103.3944796490164
42,Kenya,Africa,2018,0,1.4419683,38.431397499999996,0,"Vancouver, Canada",49.2608724,-123.1139529,28211.305748606963,4.4784039209436575,3441.7793013300493
43,Cambodia,Asia,2018,0,13.5066394,104.869423,0,"Vancouver, Canada",49.2608724,-123.1139529,23205.569692376786,3.6213478259090817,2831.079502469968
44,North Korea,Asia,2018,1,40.37366110000001,127.08704170000001,0,"Vancouver, Canada",49.2608724,-123.1139529,15832.370453166508,2.43937172328141,2216.5318634433115
45,South Korea,Asia,2018,65,36.638391999999996,127.69611880000001,0,"Vancouver, Canada",49.2608724,-123.1139529,16398.613332983576,2.5267481706596966,2295.8058666177008
46,Lebanon,Middle East,2018,1,33.875062899999996,35.843409,0,"Vancouver, Canada",49.2608724,-123.1139529,21078.790953266427,3.2705782573046585,2571.612496298504
47,Sri Lanka,Asia,2018,0,7.555494199999999,80.7137847,0,"Vancouver, Canada",49.2608724,-123.1139529,26572.0724646957,4.1928803058944615,3241.792840692875
48,Lithuania,Europe,2018,0,55.350000300000005,23.7499997,0,"Vancouver, Canada",49.2608724,-123.1139529,15964.119728489373,2.4596513988210713,2234.9767619885124
49,Luxembourg,Europe,2018,0,49.8158683,6.1296751,0,"Vancouver, Canada",49.2608724,-123.1139529,15965.929447198165,2.459930175063497,2235.2301226077434
50,Latvia,Europe,2018,0,56.8406494,24.7537645,0,"Vancouver, Canada",49.2608724,-123.1139529,15702.671123239841,2.4194374677794217,2198.373957253578
51,Morocco,Africa,2018,0,31.1728205,-7.3362482,0,"Vancouver, Canada",49.2608724,-123.1139529,18104.754114567746,2.793437502048603,2534.6655760394847
52,Mali,Africa,2018,0,16.3700359,-2.2900238999999996,0,"Vancouver, Canada",49.2608724,-123.1139529,21384.951606111543,3.3205821717607695,2608.9640959456083
53,Mauritius,Africa,2018,0,-20.2759451,57.5703566,0,"Vancouver, Canada",49.2608724,-123.1139529,33583.11931239407,5.447258776438315,4097.140556112076
54,Malawi,Africa,2018,0,-13.2687204,33.9301963,0,"Vancouver, Canada",49.2608724,-123.1139529,30991.842479862684,4.973549893985282,3781.0047825432475
55,Mexico,Other Americas,2018,0,19.4326296,-99.1331785,0,"Vancouver, Canada",49.2608724,-123.1139529,7888.675250382058,1.2731531290622615,1262.1880400611294
56,Malaysia,Asia,2018,0,4.5693754,102.2656823,0,"Vancouver, Canada",49.2608724,-123.1139529,25211.193669732435,3.9594383622986973,3075.765627707357
57,Nigeria,Africa,2018,0,9.6000359,7.999972099999999,0,"Vancouver, Canada",49.2608724,-123.1139529,23854.315983918677,3.7299321475323297,2910.2265500380786
58,Netherlands,Europe,2018,25,52.500169799999995,5.7480820999999995,0,"Vancouver, Canada",49.2608724,-123.1139529,15433.89474468788,2.3782220118675865,2160.7452642563035
59,Norway,Europe,2018,3,64.5731537,11.52803643954819,0,"Vancouver, Canada",49.2608724,-123.1139529,13528.016719106454,2.0896175976100406,1893.9223406749038
60,New Zealand,Oceania,2018,0,-41.5000831,172.83440769999999,0,"Vancouver, Canada",49.2608724,-123.1139529,23740.062761070312,3.7107551322250716,2896.287656850578
61,Peru,Other Americas,2018,0,-6.8699697,-75.0458515,0,"Vancouver, Canada",49.2608724,-123.1139529,15562.902340118419,2.3979887655783854,2178.806327616579
62,Philippines,Asia,2018,0,12.750348599999999,122.7312101,0,"Vancouver, Canada",49.2608724,-123.1139529,21204.95106080121,3.2911634399668515,2587.0040294177475
63,Pakistan,Middle East,2018,0,30.3308401,71.247499,0,"Vancouver, Canada",49.2608724,-123.1139529,22102.132116899385,3.438362902319791,2696.460118261725
64,Poland,Europe,2018,3,52.215933,19.134422,0,"Vancouver, Canada",49.2608724,-123.1139529,16363.54108024718,2.5213197865064307,2290.8957512346055
65,Portugal,Europe,2018,1,40.0332629,-7.889626299999999,0,"Vancouver, Canada",49.2608724,-123.1139529,16472.998126576862,2.5382684130553823,2306.219737720761
66,Qatar,Middle East,2018,2,25.3336984,51.2295295,0,"Vancouver, Canada",49.2608724,-123.1139529,23403.184941156665,3.654345248452947,2855.188562821113
67,Romania,Europe,2018,1,45.98521289999999,24.6859225,0,"Vancouver, Canada",49.2608724,-123.1139529,17952.35442791072,2.7694070393315857,2513.3296199075007
68,Russia,Europe,2018,26,64.6863136,97.7453061,0,"Vancouver, Canada",49.2608724,-123.1139529,13724.319278929188,2.1190477076284635,1921.4046990500865
69,Rwanda,Africa,2018,0,-1.9646631,30.064435800000002,0,"Vancouver, Canada",49.2608724,-123.1139529,28343.136617567034,4.501572111407873,3457.862667343178
70,Saudi Arabia,Middle East,2018,2,25.624261800000003,42.352832799999995,0,"Vancouver, Canada",49.2608724,-123.1139529,23128.638978484865,3.6085206908083243,2821.6939553751536
71,Sudan,Africa,2018,0,14.584444400000002,29.4917691,0,"Vancouver, Canada",49.2608724,-123.1139529,24844.053194239954,3.897018974686893,3030.9744896972743
72,Sweden,Europe,2018,11,59.67497120000001,14.5208584,0,"Vancouver, Canada",49.2608724,-123.1139529,14624.435481460028,2.2548647132464996,2047.420967404404
73,Singapore,Asia,2018,7,1.340863,103.8303918221208,0,"Vancouver, Canada",49.2608724,-123.1139529,25646.32802613874,4.0337253369799155,3128.8520191889265
74,Slovenia,Europe,2018,0,45.813311299999995,14.4808369,0,"Vancouver, Canada",49.2608724,-123.1139529,17352.540486191505,2.6752256265910144,2429.3556680668107
75,Senegal,Africa,2018,0,14.475060699999998,-14.452961199999999,0,"Vancouver, Canada",49.2608724,-123.1139529,20178.177618606733,3.124442587377834,2461.7376694700215
76,Somalia,Africa,2018,0,8.3676771,49.083416,0,"Vancouver, Canada",49.2608724,-123.1139529,27124.222877231707,4.288525629380295,3309.1551910222684
77,Swaziland,Africa,2018,1,-26.562480600000004,31.399131699999998,0,"Vancouver, Canada",49.2608724,-123.1139529,33351.315265435245,5.404400963851944,4068.8604623830997
78,Thailand,Asia,2018,0,14.8971921,100.83273,0,"Vancouver, Canada",49.2608724,-123.1139529,23357.18658887285,3.646658384848333,2849.5767638424877
79,Tunisia,Africa,2018,0,33.8439408,9.400138,0,"Vancouver, Canada",49.2608724,-123.1139529,19305.14729446596,2.984147016161961,2355.2279699248475
80,Turkey,Middle East,2018,2,38.959759399999996,34.9249653,0,"Vancouver, Canada",49.2608724,-123.1139529,19941.569341856466,3.0862870601043797,2432.8714597064886
81,Taiwan,Asia,2018,18,23.59829785,120.8353631381752,0,"Vancouver, Canada",49.2608724,-123.1139529,19496.62438637344,3.014802304874079,2378.58817513756
82,Tanzania,Africa,2018,0,-6.5247123,35.7878438,0,"Vancouver, Canada",49.2608724,-123.1139529,29736.018511499675,4.748230982914002,3627.79425840296
83,Ukraine,Europe,2018,0,49.4871968,31.2718321,0,"Vancouver, Canada",49.2608724,-123.1139529,17530.587702072466,2.7031160235557583,2454.2822782901453
84,Uganda,Africa,2018,0,1.5333553999999998,32.2166578,0,"Vancouver, Canada",49.2608724,-123.1139529,27783.049112712673,4.403352694970949,3389.531991750946
85,USA,USA,2018,958,39.7837304,-100.4458825,0,"Vancouver, Canada",49.2608724,-123.1139529,4142.740151422558,0.7448462299124412,662.8384242276093
86,Uruguay,Other Americas,2018,0,-32.8755548,-56.0201525,0,"Vancouver, Canada",49.2608724,-123.1139529,22554.194283320947,3.513069672034259,2751.6117025651556
87,Venezuela,Other Americas,2018,0,8.0018709,-66.1109318,0,"Vancouver, Canada",49.2608724,-123.1139529,13961.41300703499,2.1546838621472686,1954.5978209848986
88,Vietnam,Asia,2018,0,13.2904027,108.42651129999999,0,"Vancouver, Canada",49.2608724,-123.1139529,22852.562964902892,3.5625746987218743,2788.0126817181526
89,South Africa,Africa,2018,5,-28.816623600000003,24.991639000000003,0,"Vancouver, Canada",49.2608724,-123.1139529,32977.378612746754,5.335464110463966,4023.240190755104
90,Zimbabwe,Africa,2018,0,-18.4554963,29.746841399999997,0,"Vancouver, Canada",49.2608724,-123.1139529,31636.358674353836,5.090267697111318,3859.635758271168
91,United Arab Emirates,Middle East,2019,0,24.0002488,53.999482900000004,0,"New Orleans, Louisiana",29.9499323,-90.0701156,25790.303091101796,4.058378505134877,3146.416977114419
92,Albania,Europe,2019,0,41.000028,19.9999619,0,"New Orleans, Louisiana",29.9499323,-90.0701156,18698.747647204334,2.887489375277298,2617.824670608607
93,Argentina,Other Americas,2019,0,-34.9964963,-64.9672817,0,"New Orleans, Louisiana",29.9499323,-90.0701156,15371.445366488808,2.368663951879956,2152.0023513084334
94,Austria,Europe,2019,5,47.2000338,13.199959,0,"New Orleans, Louisiana",29.9499323,-90.0701156,17042.571321531294,2.62680346629981,2385.9599850143813
95,Australia,Oceania,2019,12,-24.7761086,134.755,0,"New Orleans, Louisiana",29.9499323,-90.0701156,31157.557907569415,5.003489994350364,3801.2220647234685
96,Bosnia and Herzegovina,Europe,2019,0,44.305347600000005,17.596146700000002,0,"New Orleans, Louisiana",29.9499323,-90.0701156,17960.618491877227,2.7707090717032252,2514.486588862812
97,Bangladesh,Asia,2019,0,24.4768783,90.2932426,0,"New Orleans, Louisiana",29.9499323,-90.0701156,27925.994195227282,4.428367633762423,3406.9712918177283
98,Belgium,Europe,2019,9,50.6402809,4.666714499999999,0,"New Orleans, Louisiana",29.9499323,-90.0701156,15586.19210486579,2.401560386649123,2182.0668946812107
99,Burkina Faso,Africa,2019,1,12.075308300000001,-1.6880313999999998,0,"New Orleans, Louisiana",29.9499323,-90.0701156,18374.98876893437,2.836148881072419,2572.498427650812
100,Bulgaria,Europe,2019,0,42.6073975,25.4856617,0,"New Orleans, Louisiana",29.9499323,-90.0701156,19213.55443237337,2.969505937364762,2344.053640749551
101,Burundi,Africa,2019,1,-3.3634357,29.8870575,0,"New Orleans, Louisiana",29.9499323,-90.0701156,26123.17979079329,4.115517584747056,3187.027934476781
102,Brazil,Other Americas,2019,1,-10.333333300000001,-53.2,0,"New Orleans, Louisiana",29.9499323,-90.0701156,11936.653991674524,1.853543728998129,1671.1315588344335
103,Canada,Other Americas,2019,205,61.0666922,-107.9917071,0,"New Orleans, Louisiana",29.9499323,-90.0701156,7406.311339609601,1.2059183715285844,1185.0098143375362
104,Switzerland,Europe,2019,38,46.7985624,8.231973599999998,0,"New Orleans, Louisiana",29.9499323,-90.0701156,16421.859858626627,2.5303473967809946,2299.060380207728
105,Chile,Other Americas,2019,3,-31.7613365,-71.3187697,0,"New Orleans, Louisiana",29.9499323,-90.0701156,14283.372619806985,2.203234305981683,1999.6721667729782
106,Cameroon,Africa,2019,0,4.6125522000000005,13.153581099999998,0,"New Orleans, Louisiana",29.9499323,-90.0701156,22029.29684524485,3.4263599976211436,2687.574215119872
107,China,Asia,2019,76,35.000074,104.999927,0,"New Orleans, Louisiana",29.9499323,-90.0701156,25244.759900325822,3.965156976631976,3079.8607078397504
108,Colombia,Other Americas,2019,1,2.8894433999999998,-73.78389200000001,0,"New Orleans, Louisiana",29.9499323,-90.0701156,6927.793579213234,1.1396248656562893,1108.4469726741174
109,Czech Republic,Europe,2019,3,49.816700299999994,15.4749544,0,"New Orleans, Louisiana",29.9499323,-90.0701156,17037.225501047113,2.625969848592649,2385.211570146596
110,Germany,Europe,2019,75,51.0834196,10.4234469,0,"New Orleans, Louisiana",29.9499323,-90.0701156,16275.245967503699,2.5076633166504467,2278.5344354505182
111,Denmark,Europe,2019,5,55.670249,10.333328300000002,0,"New Orleans, Louisiana",29.9499323,-90.0701156,15810.304442002653,2.4359781750249385,2213.4426218803715
112,Estonia,Europe,2019,1,58.75237779999999,25.3319078,0,"New Orleans, Louisiana",29.9499323,-90.0701156,17005.406263297158,2.6210090554538064,2380.7568768616024
113,Egypt,Africa,2019,0,26.254049300000002,29.2675469,0,"New Orleans, Louisiana",29.9499323,-90.0701156,22061.257531415413,3.431625814848364,2691.47341883268
114,Spain,Europe,2019,4,39.3262345,-4.838064900000001,0,"New Orleans, Louisiana",29.9499323,-90.0701156,15156.967596416453,2.335889837571333,2121.9754634983037
115,Ethiopia,Europe,2019,1,10.211670199999999,38.6521203,0,"New Orleans, Louisiana",29.9499323,-90.0701156,25890.22866992823,4.075510457887886,3158.607897731244
116,Finland,Europe,2019,6,63.2467777,25.9209164,0,"New Orleans, Louisiana",29.9499323,-90.0701156,16466.977795441973,2.537335659906462,2305.3768913618765
117,France,Europe,2019,59,46.603353999999996,1.8883334999999999,0,"New Orleans, Louisiana",29.9499323,-90.0701156,15561.98069198764,2.397847445131928,2178.6772968782698
118,United Kingdom,Europe,2019,260,54.702354500000006,-3.2765752999999997,0,"New Orleans, Louisiana",29.9499323,-90.0701156,14274.110429624938,2.201835046317545,1998.3754601474914
119,Ghana,Africa,2019,1,8.0300284,-1.0800271000000001,0,"New Orleans, Louisiana",29.9499323,-90.0701156,18932.49642465954,2.924671226892921,2650.549499452336
120,Greece,Europe,2019,0,38.995368299999996,21.987713199999998,0,"New Orleans, Louisiana",29.9499323,-90.0701156,19234.07544826151,2.972784927616795,2346.557204687904
121,Guatemala,Other Americas,2019,0,15.635608800000002,-89.8988087,0,"New Orleans, Louisiana",29.9499323,-90.0701156,3183.556999567826,0.5921468069268128,814.9905918893635
122,Croatia,Europe,2019,0,45.5643442,17.0118954,0,"New Orleans, Louisiana",29.9499323,-90.0701156,17731.125647850833,2.734596402602312,2482.357590699117
123,Hungary,Europe,2019,5,47.1817585,19.5060937,0,"New Orleans, Louisiana",29.9499323,-90.0701156,17852.877068548627,2.7537434751815506,2499.402789596808
124,Indonesia,Asia,2019,0,-2.4833826,117.89028529999999,0,"New Orleans, Louisiana",29.9499323,-90.0701156,31542.714155621477,5.073263812371274,3848.21112698582
125,Ireland,Europe,2019,1,52.865196,-7.9794599,0,"New Orleans, Louisiana",29.9499323,-90.0701156,13780.798087213758,2.127527714362893,1929.3117322099263
126,Israel,Middle East,2019,26,31.531311300000002,34.8667654,0,"New Orleans, Louisiana",29.9499323,-90.0701156,22086.54722790799,3.4357938008931983,2694.558761804775
127,India,Asia,2019,11,22.3511148,78.6677428,0,"New Orleans, Louisiana",29.9499323,-90.0701156,28152.318498638393,4.468047315222682,3434.582856833884
128,Iraq,Middle East,2019,0,33.0955793,44.174977500000004,0,"New Orleans, Louisiana",29.9499323,-90.0701156,23022.91844731083,3.5909102659129615,2808.796050571921
129,Iran,Middle East,2019,0,32.6475314,54.56435160000001,0,"New Orleans, Louisiana",29.9499323,-90.0701156,24241.184321061668,3.795037510665472,2957.424487169523
130,Iceland,Europe,2019,0,64.9841821,-18.1059013,0,"New Orleans, Louisiana",29.9499323,-90.0701156,12351.239078353108,1.9146162871241315,1729.1734709694354
131,Italy,Europe,2019,5,42.6384261,12.674297,0,"New Orleans, Louisiana",29.9499323,-90.0701156,17481.150495093152,2.6953662768177478,2447.3610693130418
132,Japan,Asia,2019,62,36.5748441,139.2394179,0,"New Orleans, Louisiana",29.9499323,-90.0701156,22013.365475924962,3.4237358301920433,2685.630588062845
133,Kenya,Africa,2019,0,1.4419683,38.431397499999996,0,"New Orleans, Louisiana",29.9499323,-90.0701156,27082.826008454496,4.281336095939804,3304.1047730314485
134,Cambodia,Asia,2019,0,13.5066394,104.869423,0,"New Orleans, Louisiana",29.9499323,-90.0701156,29849.258489695443,4.768434398580603,3641.609535742844
135,North Korea,Asia,2019,1,40.37366110000001,127.08704170000001,0,"New Orleans, Louisiana",29.9499323,-90.0701156,22615.876448008512,3.5232910495344245,2759.136926657038
136,South Korea,Asia,2019,103,36.638391999999996,127.69611880000001,0,"New Orleans, Louisiana",29.9499323,-90.0701156,23256.992481613623,3.6299276823721636,2837.353082756862
137,Lebanon,Middle East,2019,0,33.875062899999996,35.843409,0,"New Orleans, Louisiana",29.9499323,-90.0701156,21852.43533542817,3.3972529791700903,2665.9971109222365
138,Sri Lanka,Asia,2019,0,7.555494199999999,80.7137847,0,"New Orleans, Louisiana",29.9499323,-90.0701156,31460.019109074958,5.058260971925168,3838.1223313071446
139,Lithuania,Europe,2019,0,55.350000300000005,23.7499997,0,"New Orleans, Louisiana",29.9499323,-90.0701156,17296.569650374757,2.6664695565037397,2421.5197510524663
140,Luxembourg,Europe,2019,1,49.8158683,6.1296751,0,"New Orleans, Louisiana",29.9499323,-90.0701156,15850.799490196947,2.442206596172419,2219.111928627573
141,Latvia,Europe,2019,1,56.8406494,24.7537645,0,"New Orleans, Louisiana",29.9499323,-90.0701156,17202.162623687145,2.6517130433048206,2408.3027673162005
142,Morocco,Africa,2019,1,31.1728205,-7.3362482,0,"New Orleans, Louisiana",29.9499323,-90.0701156,15429.218631099406,2.3775060809592308,2160.090608353917
143,Mali,Africa,2019,0,16.3700359,-2.2900238999999996,0,"New Orleans, Louisiana",29.9499323,-90.0701156,17800.784845224964,2.745548064669736,2492.109878331495
144,Mauritius,Africa,2019,0,-20.2759451,57.5703566,0,"New Orleans, Louisiana",29.9499323,-90.0701156,33195.59930419942,5.3756641051157334,4049.8631151123295
145,Malawi,Africa,2019,0,-13.2687204,33.9301963,0,"New Orleans, Louisiana",29.9499323,-90.0701156,27995.803759938528,4.440597174632257,3415.4880587125003
146,Mexico,Other Americas,2019,0,19.4326296,-99.1331785,0,"New Orleans, Louisiana",29.9499323,-90.0701156,2967.7486783977706,0.5577906925033648,759.7436616698293
147,Malaysia,Asia,2019,0,4.5693754,102.2656823,0,"New Orleans, Louisiana",29.9499323,-90.0701156,31915.932086370805,5.1411243185032305,3893.7437145372382
148,Nigeria,Africa,2019,1,9.6000359,7.999972099999999,0,"New Orleans, Louisiana",29.9499323,-90.0701156,20482.544117185087,3.1736699129904737,2498.8703822965804
149,Netherlands,Europe,2019,28,52.500169799999995,5.7480820999999995,0,"New Orleans, Louisiana",29.9499323,-90.0701156,15559.35940211417,2.3974455191683077,2178.310316295984
150,Norway,Europe,2019,9,64.5731537,11.52803643954819,0,"New Orleans, Louisiana",29.9499323,-90.0701156,15102.14328506617,2.327525203879472,2114.300059909264
151,New Zealand,Oceania,2019,0,-41.5000831,172.83440769999999,0,"New Orleans, Louisiana",29.9499323,-90.0701156,25411.561426343364,3.9936040822472245,3100.21049401389
152,Peru,Other Americas,2019,0,-6.8699697,-75.0458515,0,"New Orleans, Louisiana",29.9499323,-90.0701156,8794.57696540381,1.400531274565798,1231.2407751565336
153,Philippines,Asia,2019,0,12.750348599999999,122.7312101,0,"New Orleans, Louisiana",29.9499323,-90.0701156,28217.232797836827,4.479444893527278,3442.5024013360926
154,Pakistan,Middle East,2019,0,30.3308401,71.247499,0,"New Orleans, Louisiana",29.9499323,-90.0701156,26053.333129471088,4.103512050401804,3178.5066417954727
155,Poland,Europe,2019,7,52.215933,19.134422,0,"New Orleans, Louisiana",29.9499323,-90.0701156,17189.544788538708,2.6497419727172957,2406.5362703954193
156,Portugal,Europe,2019,4,40.0332629,-7.889626299999999,0,"New Orleans, Louisiana",29.9499323,-90.0701156,14612.770824727895,2.2530955212033588,2045.7879154619054
157,Qatar,Middle East,2019,1,25.3336984,51.2295295,0,"New Orleans, Louisiana",29.9499323,-90.0701156,25224.748684692204,3.9617474651874938,3077.4193395324487
158,Romania,Europe,2019,0,45.98521289999999,24.6859225,0,"New Orleans, Louisiana",29.9499323,-90.0701156,18650.107779677015,2.879764452326521,2611.0150891547823
159,Russia,Europe,2019,18,64.6863136,97.7453061,0,"New Orleans, Louisiana",29.9499323,-90.0701156,18940.060857235745,2.9258760913036834,2651.6085200130046
160,Rwanda,Africa,2019,1,-1.9646631,30.064435800000002,0,"New Orleans, Louisiana",29.9499323,-90.0701156,25989.084300393697,4.092476286257653,3170.6682846480307
161,Saudi Arabia,Middle East,2019,2,25.624261800000003,42.352832799999995,0,"New Orleans, Louisiana",29.9499323,-90.0701156,24046.32335531972,3.762211747982573,2933.651449349006
162,Sudan,Africa,2019,0,14.584444400000002,29.4917691,0,"New Orleans, Louisiana",29.9499323,-90.0701156,23737.45121042918,3.710317061247831,2895.96904767236
163,Sweden,Europe,2019,6,59.67497120000001,14.5208584,0,"New Orleans, Louisiana",29.9499323,-90.0701156,15854.907541076549,2.4428386045348693,2219.6870557507173
164,Singapore,Asia,2019,8,1.340863,103.8303918221208,0,"New Orleans, Louisiana",29.9499323,-90.0701156,32472.081230550128,5.242701806521795,3961.5939101271156
165,Slovenia,Europe,2019,0,45.813311299999995,14.4808369,0,"New Orleans, Louisiana",29.9499323,-90.0701156,17367.900872424976,2.6776295688191327,2431.5061221394967
166,Senegal,Africa,2019,0,14.475060699999998,-14.452961199999999,0,"New Orleans, Louisiana",29.9499323,-90.0701156,15686.884458186674,2.41701314582803,2196.1638241461346
167,Somalia,Africa,2019,0,8.3676771,49.083416,0,"New Orleans, Louisiana",29.9499323,-90.0701156,27833.67601600381,4.412208125131596,3395.708473952465
168,Swaziland,Africa,2019,0,-26.562480600000004,31.399131699999998,0,"New Orleans, Louisiana",29.9499323,-90.0701156,28663.951412045168,4.558080628463833,3497.0020722695103
169,Thailand,Asia,2019,0,14.8971921,100.83273,0,"New Orleans, Louisiana",29.9499323,-90.0701156,29786.438492978406,4.757223741599149,3633.9454961433653
170,Tunisia,Africa,2019,0,33.8439408,9.400138,0,"New Orleans, Louisiana",29.9499323,-90.0701156,17972.27281620504,2.7725454560765312,2516.118194268706
171,Turkey,Middle East,2019,1,38.959759399999996,34.9249653,0,"New Orleans, Louisiana",29.9499323,-90.0701156,20939.577285233067,3.247895715579553,2554.628428798434
172,Taiwan,Asia,2019,11,23.59829785,120.8353631381752,0,"New Orleans, Louisiana",29.9499323,-90.0701156,26414.95395815462,4.165761912553629,3222.6243828948636
173,Tanzania,Africa,2019,0,-6.5247123,35.7878438,0,"New Orleans, Louisiana",29.9499323,-90.0701156,27604.12374402188,4.372092065710571,3367.703096770669
174,Ukraine,Europe,2019,4,49.4871968,31.2718321,0,"New Orleans, Louisiana",29.9499323,-90.0701156,18907.95042235924,2.92076222899508,2647.113059130294
175,Uganda,Africa,2019,3,1.5333553999999998,32.2166578,0,"New Orleans, Louisiana",29.9499323,-90.0701156,25952.689992252115,4.086228209169078,3166.228179054758
176,USA,USA,2019,1493,39.7837304,-100.4458825,0,"New Orleans, Louisiana",29.9499323,-90.0701156,2888.2858625288704,0.5451404222098015,739.4011808073908
177,Uruguay,Other Americas,2019,1,-32.8755548,-56.0201525,0,"New Orleans, Louisiana",29.9499323,-90.0701156,15703.761319421767,2.419604902919498,2198.5265847190476
178,Venezuela,Other Americas,2019,0,8.0018709,-66.1109318,0,"New Orleans, Louisiana",29.9499323,-90.0701156,6982.061912229618,1.147122874413994,1117.1299059567389
179,Vietnam,Asia,2019,1,13.2904027,108.42651129999999,0,"New Orleans, Louisiana",29.9499323,-90.0701156,29628.993220198397,4.729157116630817,3614.7371728642042
180,South Africa,Africa,2019,1,-28.816623600000003,24.991639000000003,0,"New Orleans, Louisiana",29.9499323,-90.0701156,27622.926745974582,4.37537454598023,3369.997063008899
181,Zimbabwe,Africa,2019,0,-18.4554963,29.746841399999997,0,"New Orleans, Louisiana",29.9499323,-90.0701156,27692.399314271373,4.387507924688086,3378.4727163411076
182,United Arab Emirates,Middle East,2020,4,24.0002488,53.999482900000004,0,"Addis Ababa, Ethiopia",9.0107934,38.7612525,4646.297738084867,0.8250112669803731,743.4076380935787
183,Albania,Europe,2020,1,41.000028,19.9999619,0,"Addis Ababa, Ethiopia",9.0107934,38.7612525,8016.328826424433,1.2910148615399704,1122.2860356994206
184,Argentina,Other Americas,2020,8,-34.9964963,-64.9672817,0,"Addis Ababa, Ethiopia",9.0107934,38.7612525,23655.625018636685,3.696597327099137,2885.9862522736757
185,Austria,Europe,2020,29,47.2000338,13.199959,0,"Addis Ababa, Ethiopia",9.0107934,38.7612525,9767.672346506317,1.538968604628822,1367.4741285108844
186,Australia,Oceania,2020,60,-24.7761086,134.755,0,"Addis Ababa, Ethiopia",9.0107934,38.7612525,22053.264670086115,3.430308748571033,2690.498289750506
187,Bosnia and Herzegovina,Europe,2020,1,44.305347600000005,17.596146700000002,0,"Addis Ababa, Ethiopia",9.0107934,38.7612525,8846.524052403141,1.407879358466186,1238.5133673364398
188,Bangladesh,Asia,2020,2,24.4768783,90.2932426,0,"Addis Ababa, Ethiopia",9.0107934,38.7612525,11427.66306609433,1.7789784619983107,1599.8728292532064
189,Belgium,Europe,2020,15,50.6402809,4.666714499999999,0,"Addis Ababa, Ethiopia",9.0107934,38.7612525,11169.228730435116,1.7412935561807306,1563.6920222609162
190,Burkina Faso,Africa,2020,2,12.075308300000001,-1.6880313999999998,0,"Addis Ababa, Ethiopia",9.0107934,38.7612525,8862.267043123413,1.4101071945454968,1240.717386037278
191,Bulgaria,Europe,2020,5,42.6073975,25.4856617,0,"Addis Ababa, Ethiopia",9.0107934,38.7612525,7907.728346781319,1.2758172813418749,1265.236535485011
192,Burundi,Africa,2020,0,-3.3634357,29.8870575,0,"Addis Ababa, Ethiopia",9.0107934,38.7612525,3382.768842246771,0.623860805833234,865.9888236151734
193,Brazil,Other Americas,2020,18,-10.333333300000001,-53.2,0,"Addis Ababa, Ethiopia",9.0107934,38.7612525,20797.28802897174,3.224747352491745,2537.2691395345523
194,Canada,Other Americas,2020,367,61.0666922,-107.9917071,0,"Addis Ababa, Ethiopia",9.0107934,38.7612525,23400.034220964782,3.653818607237411,2854.8041749577033
195,Switzerland,Europe,2020,121,46.7985624,8.231973599999998,0,"Addis Ababa, Ethiopia",9.0107934,38.7612525,10196.299761018512,1.6004766569389053,1427.4819665425919
196,Chile,Other Americas,2020,8,-31.7613365,-71.3187697,0,"Addis Ababa, Ethiopia",9.0107934,38.7612525,24854.842180380074,3.8988498764199573,3032.290746006369
197,Cameroon,Africa,2020,1,4.6125522000000005,13.153581099999998,0,"Addis Ababa, Ethiopia",9.0107934,38.7612525,5736.570923532863,0.9763463749607748,917.8513477652581
198,China,Asia,2020,191,35.000074,104.999927,0,"Addis Ababa, Ethiopia",9.0107934,38.7612525,14550.782406350023,2.2436976887615905,2037.1095368890035
199,Colombia,Other Americas,2020,6,2.8894433999999998,-73.78389200000001,0,"Addis Ababa, Ethiopia",9.0107934,38.7612525,24848.611138344746,3.8977924373324306,3031.530558878059
200,Czech Republic,Europe,2020,36,49.816700299999994,15.4749544,0,"Addis Ababa, Ethiopia",9.0107934,38.7612525,10045.175885759805,1.5787534211871237,1406.324624006373
201,Germany,Europe,2020,248,51.0834196,10.4234469,0,"Addis Ababa, Ethiopia",9.0107934,38.7612525,10695.029220913377,1.672451888258879,1497.304090927873
202,Denmark,Europe,2020,19,55.670249,10.333328300000002,0,"Addis Ababa, Ethiopia",9.0107934,38.7612525,11507.47578681664,1.7906405442487747,1611.0466101543298
203,Estonia,Europe,2020,0,58.75237779999999,25.3319078,0,"Addis Ababa, Ethiopia",9.0107934,38.7612525,11294.164533532668,1.7594970038084232,1581.1830346945737
204,Egypt,Africa,2020,6,26.254049300000002,29.2675469,0,"Addis Ababa, Ethiopia",9.0107934,38.7612525,4325.847875597025,0.7739964957105706,692.135660095524
205,Spain,Europe,2020,23,39.3262345,-4.838064900000001,0,"Addis Ababa, Ethiopia",9.0107934,38.7612525,10956.543793590721,1.710368120948648,1533.916131102701
206,Ethiopia,Europe,2020,13,10.211670199999999,38.6521203,0,"Addis Ababa, Ethiopia",9.0107934,38.7612525,268.1330556560006,0.1970372700707599,68.64206224793615
207,Finland,Europe,2020,14,63.2467777,25.9209164,0,"Addis Ababa, Ethiopia",9.0107934,38.7612525,12235.287581580647,1.8975049523963265,1712.9402614212909
208,France,Europe,2020,179,46.603353999999996,1.8883334999999999,0,"Addis Ababa, Ethiopia",9.0107934,38.7612525,10887.404550517556,1.700332104488443,1524.236637072458
209,United Kingdom,Europe,2020,470,54.702354500000006,-3.2765752999999997,0,"Addis Ababa, Ethiopia",9.0107934,38.7612525,12568.92486655762,1.946804874250322,1759.6494813180668
210,Ghana,Africa,2020,14,8.0300284,-1.0800271000000001,0,"Addis Ababa, Ethiopia",9.0107934,38.7612525,8761.051896347355,1.3957915697417551,1226.5472654886298
211,Greece,Europe,2020,7,38.995368299999996,21.987713199999998,0,"Addis Ababa, Ethiopia",9.0107934,38.7612525,7458.959532275262,1.213236855543869,1193.433525164042
212,Guatemala,Other Americas,2020,2,15.635608800000002,-89.8988087,0,"Addis Ababa, Ethiopia",9.0107934,38.7612525,27465.313772121717,4.347878990051351,3350.7682801988494
213,Croatia,Europe,2020,0,45.5643442,17.0118954,0,"Addis Ababa, Ethiopia",9.0107934,38.7612525,9130.265473628086,1.4480994310782564,1278.237166307932
214,Hungary,Europe,2020,7,47.1817585,19.5060937,0,"Addis Ababa, Ethiopia",9.0107934,38.7612525,9235.685602786401,1.4630787822678357,1292.9959843900963
215,Indonesia,Asia,2020,2,-2.4833826,117.89028529999999,0,"Addis Ababa, Ethiopia",9.0107934,38.7612525,17717.931775829606,2.732523055001884,2480.510448616145
216,Ireland,Europe,2020,21,52.865196,-7.9794599,0,"Addis Ababa, Ethiopia",9.0107934,38.7612525,12845.270479308976,1.9877876228914158,1798.3378671032567
217,Israel,Middle East,2020,58,31.531311300000002,34.8667654,0,"Addis Ababa, Ethiopia",9.0107934,38.7612525,5072.621829620128,0.8864255581883779,811.6194927392205
218,India,Asia,2020,131,22.3511148,78.6677428,0,"Addis Ababa, Ethiopia",9.0107934,38.7612525,9009.552066884247,1.4309710814181593,1261.3372893637948
219,Iraq,Middle East,2020,1,33.0955793,44.174977500000004,0,"Addis Ababa, Ethiopia",9.0107934,38.7612525,5470.318812788754,0.9401936699732629,875.2510100462007
220,Iran,Middle East,2020,5,32.6475314,54.56435160000001,0,"Addis Ababa, Ethiopia",9.0107934,38.7612525,6179.916987500424,1.0368227656046103,988.7867180000678
221,Iceland,Europe,2020,2,64.9841821,-18.1059013,0,"Addis Ababa, Ethiopia",9.0107934,38.7612525,15182.922154170481,2.339851613752645,2125.6091015838674
222,Italy,Europe,2020,23,42.6384261,12.674297,0,"Addis Ababa, Ethiopia",9.0107934,38.7612525,9041.44380959404,1.435493790473022,1265.8021333431657
223,Japan,Asia,2020,129,36.5748441,139.2394179,0,"Addis Ababa, Ethiopia",9.0107934,38.7612525,20664.224214737664,3.203132117695199,2521.035354197995
224,Kenya,Africa,2020,22,1.4419683,38.431397499999996,0,"Addis Ababa, Ethiopia",9.0107934,38.7612525,1684.8143760296825,0.384102636801858,431.31248026359873
225,Cambodia,Asia,2020,1,13.5066394,104.869423,0,"Addis Ababa, Ethiopia",9.0107934,38.7612525,14414.397775185329,2.22304476411007,2018.0156885259462
226,North Korea,Asia,2020,2,40.37366110000001,127.08704170000001,0,"Addis Ababa, Ethiopia",9.0107934,38.7612525,18438.251596928938,2.8461663469416902,2581.3552235700517
227,South Korea,Asia,2020,283,36.638391999999996,127.69611880000001,0,"Addis Ababa, Ethiopia",9.0107934,38.7612525,18633.758176227173,2.8771687650158184,2608.7261446718044
228,Lebanon,Middle East,2020,1,33.875062899999996,35.843409,0,"Addis Ababa, Ethiopia",9.0107934,38.7612525,5561.698041002116,0.9525874019457813,889.8716865603386
229,Sri Lanka,Asia,2020,1,7.555494199999999,80.7137847,0,"Addis Ababa, Ethiopia",9.0107934,38.7612525,9233.393884735982,1.4627529393404446,1292.6751438630376
230,Lithuania,Europe,2020,2,55.350000300000005,23.7499997,0,"Addis Ababa, Ethiopia",9.0107934,38.7612525,10638.775302031572,1.6643115483724107,1489.4285422844202
231,Luxembourg,Europe,2020,1,49.8158683,6.1296751,0,"Addis Ababa, Ethiopia",9.0107934,38.7612525,10892.281692993365,1.701039777671744,1524.9194370190712
232,Latvia,Europe,2020,0,56.8406494,24.7537645,0,"Addis Ababa, Ethiopia",9.0107934,38.7612525,10910.423953328986,1.703672586929696,1527.459353466058
233,Morocco,Africa,2020,10,31.1728205,-7.3362482,0,"Addis Ababa, Ethiopia",9.0107934,38.7612525,10710.248713920759,1.6746552150347986,1499.4348199489064
234,Mali,Africa,2020,1,16.3700359,-2.2900238999999996,0,"Addis Ababa, Ethiopia",9.0107934,38.7612525,9038.977132597898,1.4351439161450532,1265.456798563706
235,Mauritius,Africa,2020,1,-20.2759451,57.5703566,0,"Addis Ababa, Ethiopia",9.0107934,38.7612525,7704.310345621284,1.2474068386038613,1232.6896552994056
236,Malawi,Africa,2020,1,-13.2687204,33.9301963,0,"Addis Ababa, Ethiopia",9.0107934,38.7612525,5068.290572783202,0.8858415122682121,810.9264916453124
237,Mexico,Other Americas,2020,6,19.4326296,-99.1331785,0,"Addis Ababa, Ethiopia",9.0107934,38.7612525,28846.271625707705,4.590275453541732,3519.24513833634
238,Malaysia,Asia,2020,2,4.5693754,102.2656823,0,"Addis Ababa, Ethiopia",9.0107934,38.7612525,14043.318358496514,2.1670175930677273,1966.064570189512
239,Nigeria,Africa,2020,28,9.6000359,7.999972099999999,0,"Addis Ababa, Ethiopia",9.0107934,38.7612525,6750.040481006381,1.115101869401607,1080.006476961021
240,Netherlands,Europe,2020,106,52.500169799999995,5.7480820999999995,0,"Addis Ababa, Ethiopia",9.0107934,38.7612525,11356.523607605439,1.7685931626305789,1589.9133050647615
241,Norway,Europe,2020,4,64.5731537,11.52803643954819,0,"Addis Ababa, Ethiopia",9.0107934,38.7612525,13069.45825394417,2.0211341101085694,1829.7241555521841
242,New Zealand,Oceania,2020,6,-41.5000831,172.83440769999999,0,"Addis Ababa, Ethiopia",9.0107934,38.7612525,28508.759835489473,4.530722439315904,3478.0686999297154
243,Peru,Other Americas,2020,4,-6.8699697,-75.0458515,0,"Addis Ababa, Ethiopia",9.0107934,38.7612525,25461.65570891058,4.002156967373104,3106.321996487091
244,Philippines,Asia,2020,4,12.750348599999999,122.7312101,0,"Addis Ababa, Ethiopia",9.0107934,38.7612525,18279.878556723714,2.821101756760574,2559.18299794132
245,Pakistan,Middle East,2020,2,30.3308401,71.247499,0,"Addis Ababa, Ethiopia",9.0107934,38.7612525,8238.29551017865,1.3221415930568594,1153.3613714250112
246,Poland,Europe,2020,24,52.215933,19.134422,0,"Addis Ababa, Ethiopia",9.0107934,38.7612525,10246.036180889787,1.6076347997533962,1434.4450653245704
247,Portugal,Europe,2020,4,40.0332629,-7.889626299999999,0,"Addis Ababa, Ethiopia",9.0107934,38.7612525,11496.486533366126,1.789034149101396,1609.5081146712578
248,Qatar,Middle East,2020,1,25.3336984,51.2295295,0,"Addis Ababa, Ethiopia",9.0107934,38.7612525,4486.860016036626,0.7996292029691021,717.8976025658602
249,Romania,Europe,2020,5,45.98521289999999,24.6859225,0,"Addis Ababa, Ethiopia",9.0107934,38.7612525,8649.82090654566,1.3800801505209128,1210.9749269163924
250,Russia,Europe,2020,39,64.6863136,97.7453061,0,"Addis Ababa, Ethiopia",9.0107934,38.7612525,15333.813296846974,2.3629075722078885,2146.733861558577
251,Rwanda,Africa,2020,8,-1.9646631,30.064435800000002,0,"Addis Ababa, Ethiopia",9.0107934,38.7612525,3110.0916537906187,0.5804513180226059,796.1834633703984
252,Saudi Arabia,Middle East,2020,11,25.624261800000003,42.352832799999995,0,"Addis Ababa, Ethiopia",9.0107934,38.7612525,3771.8368134190277,0.6857993986716437,965.5902242352711
253,Sudan,Africa,2020,2,14.584444400000002,29.4917691,0,"Addis Ababa, Ethiopia",9.0107934,38.7612525,2367.3445068995106,0.47422717462135205,606.0401937662747
254,Sweden,Europe,2020,19,59.67497120000001,14.5208584,0,"Addis Ababa, Ethiopia",9.0107934,38.7612525,11975.778090145375,1.8592941589498664,1676.6089326203528
255,Singapore,Asia,2020,63,1.340863,103.8303918221208,0,"Addis Ababa, Ethiopia",9.0107934,38.7612525,14493.927474174929,2.2350840787656745,2029.1498463844903
256,Slovenia,Europe,2020,1,45.813311299999995,14.4808369,0,"Addis Ababa, Ethiopia",9.0107934,38.7612525,9403.675856719172,1.4869893156938472,1316.5146199406843
257,Senegal,Africa,2020,3,14.475060699999998,-14.452961199999999,0,"Addis Ababa, Ethiopia",9.0107934,38.7612525,11626.46110506546,1.8080472943887034,1627.7045547091645
258,Somalia,Africa,2020,1,8.3676771,49.083416,0,"Addis Ababa, Ethiopia",9.0107934,38.7612525,2273.6199210825157,0.4618513327397412,582.046699797124
259,Swaziland,Africa,2020,0,-26.562480600000004,31.399131699999998,0,"Addis Ababa, Ethiopia",9.0107934,38.7612525,8069.2931684382,1.2984342459048217,1129.7010435813481
260,Thailand,Asia,2020,3,14.8971921,100.83273,0,"Addis Ababa, Ethiopia",9.0107934,38.7612525,13529.401070175454,2.0898249047909037,1894.1161498245638
261,Tunisia,Africa,2020,3,33.8439408,9.400138,0,"Addis Ababa, Ethiopia",9.0107934,38.7612525,8153.445817097124,1.3102327377008485,1141.4824143935975
262,Turkey,Middle East,2020,4,38.959759399999996,34.9249653,0,"Addis Ababa, Ethiopia",9.0107934,38.7612525,6704.146831294138,1.1087793794199314,1072.663493007062
263,Taiwan,Asia,2020,14,23.59829785,120.8353631381752,0,"Addis Ababa, Ethiopia",9.0107934,38.7612525,17611.761768037162,2.7158501633411296,2465.6466475252028
264,Tanzania,Africa,2020,3,-6.5247123,35.7878438,0,"Addis Ababa, Ethiopia",9.0107934,38.7612525,3517.2440879838146,0.645268909582962,900.4144865238566
265,Ukraine,Europe,2020,2,49.4871968,31.2718321,0,"Addis Ababa, Ethiopia",9.0107934,38.7612525,9108.470979139549,1.4450050520272513,1275.1859370795369
266,Uganda,Africa,2020,5,1.5333553999999998,32.2166578,0,"Addis Ababa, Ethiopia",9.0107934,38.7612525,2205.1410213074455,0.4528090518008025,564.516101454706
267,USA,USA,2020,1977,39.7837304,-100.4458825,0,"Addis Ababa, Ethiopia",9.0107934,38.7612525,26313.079257426998,4.148201757407721,3210.1956694060937
268,Uruguay,Other Americas,2020,1,-32.8755548,-56.0201525,0,"Addis Ababa, Ethiopia",9.0107934,38.7612525,21987.257853155115,3.4194364278762754,2682.445458084924
269,Venezuela,Other Americas,2020,1,8.0018709,-66.1109318,0,"Addis Ababa, Ethiopia",9.0107934,38.7612525,22962.113491293316,3.5807905867569363,2801.3778459377845
270,Vietnam,Asia,2020,16,13.2904027,108.42651129999999,0,"Addis Ababa, Ethiopia",9.0107934,38.7612525,15185.385204611472,2.3402276423260346,2125.953928645606
271,South Africa,Africa,2020,32,-28.816623600000003,24.991639000000003,0,"Addis Ababa, Ethiopia",9.0107934,38.7612525,8916.450549995758,1.4177781976339483,1248.3030769994061
272,Zimbabwe,Africa,2020,1,-18.4554963,29.746841399999997,0,"Addis Ababa, Ethiopia",9.0107934,38.7612525,6420.571332498886,1.0697952269530622,1027.2914131998218
